{"mean": [16.63533333333333, 837611.1366666667, 1019571.2596666666, 857723.0503333333, 2714905.446666667, 2.1306666666666665], "scale": [10.7095448808787, 757911.0662242336, 907520.3164672124, 982877.1845693719, 1289197.114749467, 1.6906388010321838]}