{"mean": [16.711333333333332, 813086.4646666667, 984145.391, 853281.1926666667, 2650513.0483333333, 2.085], "scale": [10.816099337972487, 751058.3755604563, 891661.829286982, 996651.8225378313, 1282535.3368233126, 1.6764371943698884]}