{"mean": [16.049, 788190.716, 1060706.0915, 859257.612, 2708154.4195, 1.9645], "scale": [10.89089523409352, 743585.4742682779, 956307.5994554453, 1011952.8101715972, 1286416.6913462828, 1.6264193032548575]}